Book,Time,Action,Bonus,Change,Book Balance,Net Balance
Fanduel,2021-04-01 14:48:00,Deposit,,50.0,50.0,50.0
Fanduel,2021-04-01 15:11:00,Wager,,-5.0,45.0,45.0
Fanduel,2021-04-01 15:23:00,Winnings,Bonus,50.0,95.0,95.0
Fanduel,2021-04-01 15:29:00,Wager,,-10.0,85.0,85.0
Fanduel,2021-04-02 12:45:00,Winnings,Bonus,10.0,95.0,95.0
Fanduel,2021-04-03 23:23:00,Winnings,,5.45,100.45,100.45
Fanduel,2021-04-04 17:44:00,Wager,,-10.0,90.45,90.45
Fanduel,2021-04-05 11:09:00,Winnings,Bonus,10.0,100.45,100.45
Fanduel,2021-04-05 17:24:00,Wager,,-10.0,90.45,90.45
Fanduel,2021-04-05 23:30:00,Winnings,,26.8,117.25,117.25
Fanduel,2021-04-06 17:22:00,Winnings,Bonus,195.0,312.25,312.25
Fanduel,2021-04-08 11:57:00,Wager,,-5.0,307.25,307.25
Fanduel,2021-04-08 11:58:00,Wager,,-5.0,302.25,302.25
Fanduel,2021-04-08 19:23:00,Winnings,,10.8,313.05,313.05
Fanduel,2021-04-11 15:30:00,Wager,,-0.1,312.95,312.95
Fanduel,2021-04-17 20:56:00,Wager,,-6.85,306.1,306.1
Fanduel,2021-04-18 10:42:00,Wager,,-2.5,303.6,303.6
Fanduel,2021-04-18 16:47:00,Wager,,-5.0,298.6,298.6
Fanduel,2021-04-18 22:21:00,Winnings,,13.0,311.6,311.6
Fanduel,2021-04-19 17:23:00,Wager,,-2.0,309.6,309.6
Fanduel,2021-04-20 16:28:00,Wager,,-8.0,301.6,301.6
Fanduel,2021-04-24 11:25:00,Wager,,-5.0,296.6,296.6
Fanduel,2021-04-24 19:09:00,Winnings,,8.97,305.57,305.57
Fanduel,2021-04-26 14:31:00,Wager,,-5.0,300.57,300.57
Fanduel,2021-04-27 16:55:00,Wager,,-5.0,295.57,295.57
Fanduel,2021-04-27 23:11:00,Winnings,,9.1,304.67,304.67
Fanduel,2021-04-28 16:59:00,Wager,,-5.0,299.67,299.67
Fanduel,2021-04-28 21:34:00,Wager,,-5.0,294.67,294.67
Fanduel,2021-04-28 21:45:00,Winnings,,2.3,296.97,296.97
Fanduel,2021-04-28 23:07:00,Winnings,,13.25,310.22,310.22
Fanduel,2021-04-29 22:22:00,Wager,,-25.0,285.22,285.22
Fanduel,2021-04-29 22:24:00,Winnings,,25.0,310.22,310.22
Fanduel,2021-04-29 22:24:00,Wager,,-25.0,285.22,285.22
Fanduel,2021-04-29 22:24:00,Winnings,Bonus,10.0,295.22,295.22
Fanduel,2021-05-04 00:15:00,Wager,,-5.0,290.22,290.22
Fanduel,2021-05-04 20:27:00,Wager,,5.0,295.22,295.22
Fanduel,2021-05-06 11:35:00,Wager,,-5.0,290.22,290.22
Fanduel,2021-05-07 14:00:00,Wager,,-5.0,285.22,285.22
Fanduel,2021-05-11 15:40:00,Wager,,-5.0,280.22,280.22
Fanduel,2021-05-11 23:37:00,Winnings,,10.7,290.92,290.92
Fanduel,2021-05-12 16:24:00,Wager,,-5.0,285.92,285.92
Fanduel,2021-05-14 12:47:00,Wager,,-5.0,280.92,280.92
Fanduel,2021-05-14 14:32:00,Wager,,-2.0,278.92,278.92
Fanduel,2021-05-16 18:48:00,Wager,,-3.0,275.92,275.92
Fanduel,2021-05-19 18:56:00,Wager,,-10.0,265.92,265.92
Fanduel,2021-05-20 00:42:00,Winnings,Bonus,10.0,275.92,275.92
Fanduel,2021-05-21 12:52:00,Wager,,-5.0,270.92,270.92
Fanduel,2021-05-22 10:39:00,Wager,,-5.0,265.92,265.92
Fanduel,2021-05-22 22:04:00,Winnings,,9.63,275.55,275.55
Fanduel,2021-05-23 10:47:00,Wager,,-4.0,271.55,271.55
Fanduel,2021-05-23 15:45:00,Winnings,,7.64,279.19,279.19
Fanduel,2021-05-23 18:07:00,Wager,,-4.0,275.19,275.19
Fanduel,2021-05-23 18:07:00,Winnings,,4.0,279.19,279.19
Fanduel,2021-05-23 18:08:00,Wager,,-2.0,277.19,277.19
Fanduel,2021-05-25 11:24:00,Wager,,-5.0,272.19,272.19
Fanduel,2021-06-06 12:41:00,Wager,,-5.0,267.19,267.19
Fanduel,2021-06-12 09:43:00,Wager,,-15.0,252.19,252.19
Fanduel,2021-07-01 12:29:00,Wager,,-5.0,247.19,247.19
Fanduel,2021-07-09 16:31:00,Wager,,-2.0,245.19,245.19
Fanduel,2021-07-10 14:14:00,Wager,,-10.0,235.19,235.19
Fanduel,2021-07-11 00:32:00,Winnings,,17.94,253.13,253.13
Fanduel,2021-07-23 21:16:00,Wager,,-3.0,250.13,250.13
Fanduel,2021-08-23 12:34:00,Winnings,Bonus,-85.55,164.58,164.58
Fanduel,2021-08-26 10:59:00,Winnings,Bonus,5.0,169.58,169.58
Fanduel,2021-08-28 17:59:00,Wager,,-10.0,159.58,159.58
Fanduel,2021-08-28 18:01:00,Winnings,,10.0,169.58,169.58
Fanduel,2021-08-28 18:04:00,Wager,,-10.0,159.58,159.58
Fanduel,2021-08-28 21:02:00,Winnings,Bonus,10.0,169.58,169.58
Fanduel,2021-09-01 21:28:00,Wager,,-10.0,159.58,159.58
Fanduel,2021-09-02 11:55:00,Winnings,Bonus,-5.0,154.58,154.58
Fanduel,2021-09-04 22:50:00,Winnings,Bonus,10.0,164.58,164.58
Fanduel,2021-09-07 10:26:00,Wager,,-50.0,114.58,114.58
Fanduel,2021-09-07 10:31:00,Wager,,-10.0,104.58,104.58
Fanduel,2021-09-11 18:28:00,Winnings,Bonus,150.0,254.58,254.58
Fanduel,2021-09-12 23:12:00,Winnings,Bonus,10.0,264.58,264.58
Fanduel,2021-09-13 14:40:00,Wager,,-10.0,254.58,254.58
Fanduel,2021-09-13 22:53:00,Winnings,,19.26,273.84,273.84
Fanduel,2021-09-15 17:51:00,Wager,,-5.0,268.84,268.84
Fanduel,2021-09-15 22:51:00,Winnings,,12.5,281.34,281.34
Fanduel,2021-09-17 13:33:00,Wager,,-1.0,280.34,280.34
Fanduel,2021-09-19 11:17:00,Wager,,-10.0,270.34,270.34
Fanduel,2021-09-19 11:20:00,Wager,,-10.0,260.34,260.34
Fanduel,2021-09-19 14:45:00,Winnings,,19.52,279.86,279.86
Fanduel,2021-09-19 15:57:00,Winnings,Bonus,10.0,289.86,289.86
Fanduel,2021-09-20 12:07:00,Winnings,Bonus,5.0,294.86,294.86
Fanduel,2021-09-21 12:11:00,Wager,,-0.86,294.0,294.0
Fanduel,2021-09-23 09:06:00,Wager,,-10.0,284.0,284.0
Fanduel,2021-09-23 17:43:00,Winnings,,19.8,303.8,303.8
Fanduel,2021-09-24 10:12:00,Wager,,-5.0,298.8,298.8
Fanduel,2021-09-24 10:13:00,Wager,,-3.0,295.8,295.8
Fanduel,2021-09-24 17:00:00,Winnings,,8.42,304.22,304.22
Fanduel,2021-09-24 17:57:00,Winnings,,3.0,307.22,307.22
Fanduel,2021-09-24 17:58:00,Wager,,-5.0,302.22,302.22
Fanduel,2021-09-24 18:10:00,Wager,,-5.0,297.22,297.22
Fanduel,2021-09-24 18:11:00,Wager,,-5.0,292.22,292.22
Fanduel,2021-09-24 22:47:00,Winnings,,9.55,301.77,301.77
Fanduel,2021-09-25 12:59:00,Wager,,-10.0,291.77,291.77
Fanduel,2021-09-25 17:04:00,Winnings,,9.46,301.23,301.23
Fanduel,2021-09-25 17:40:00,Winnings,,19.52,320.75,320.75
Fanduel,2021-09-25 19:29:00,Wager,,-10.0,310.75,310.75
Fanduel,2021-09-25 19:36:00,Wager,,-20.0,290.75,290.75
Fanduel,2021-09-26 09:44:00,Winnings,,20.0,310.75,310.75
Fanduel,2021-09-26 09:48:00,Wager,,-20.0,290.75,290.75
Fanduel,2021-09-26 10:59:00,Wager,,-7.0,283.75,283.75
Fanduel,2021-09-26 16:08:00,Winnings,Bonus,10.0,293.75,293.75
Fanduel,2021-09-26 16:09:00,Winnings,Bonus,10.0,303.75,303.75
Fanduel,2021-09-26 17:56:00,Winnings,,13.67,317.42,317.42
Fanduel,2021-09-27 08:53:00,Wager,,-10.0,307.42,307.42
Fanduel,2021-09-27 11:13:00,Winnings,Bonus,5.0,312.42,312.42
Fanduel,2021-09-27 23:27:00,Winnings,,18.47,330.89,330.89
Fanduel,2021-09-28 00:05:00,Wager,,-7.0,323.89,323.89
Fanduel,2021-09-28 09:30:00,Wager,,-3.0,320.89,320.89
Fanduel,2021-09-28 21:39:00,Winnings,,5.31,326.2,326.2
Fanduel,2021-09-28 22:42:00,Winnings,,14.28,340.48,340.48
Fanduel,2021-09-29 11:57:00,Wager,,-9.0,331.48,331.48
Fanduel,2021-09-29 21:40:00,Wager,,-0.48,331.0,331.0
Fanduel,2021-10-02 23:02:00,Wager,,-10.0,321.0,321.0
Fanduel,2021-10-03 00:24:00,Wager,,-1.5,319.5,319.5
Fanduel,2021-10-03 16:35:00,Winnings,,52.17,371.67,371.67
Fanduel,2021-10-04 13:32:00,Winnings,Bonus,5.0,376.67,376.67
Fanduel,2021-10-05 12:59:00,Wager,,-20.0,356.67,356.67
Fanduel,2021-10-05 23:26:00,Winnings,,53.39,410.06,410.06
Fanduel,2021-10-05 23:27:00,Winnings,Bonus,10.0,420.06,420.06
Fanduel,2021-10-05 23:38:00,Wager,,-1.16,418.9,418.9
Fanduel,2021-10-08 12:09:00,Wager,,-20.0,398.9,398.9
Fanduel,2021-10-09 11:32:00,Wager,,-10.0,388.9,388.9
Fanduel,2021-10-09 11:33:00,Wager,,-7.5,381.4,381.4
Fanduel,2021-10-10 16:25:00,Winnings,,7.5,388.9,388.9
Fanduel,2021-10-10 19:21:00,Winnings,Bonus,10.0,398.9,398.9
Fanduel,2021-10-10 19:45:00,Wager,,-20.0,378.9,378.9
Fanduel,2021-10-10 19:46:00,Winnings,,20.0,398.9,398.9
Fanduel,2021-10-10 19:47:00,Wager,,-20.0,378.9,378.9
Fanduel,2021-10-11 00:37:00,Winnings,,105.98,484.88,484.88
Fanduel,2021-10-11 00:38:00,Winnings,Bonus,10.0,494.88,494.88
Fanduel,2021-10-11 11:20:00,Winnings,Bonus,5.0,499.88,499.88
Fanduel,2021-10-11 13:27:00,Wager,,-0.88,499.0,499.0
Fanduel,2021-10-11 23:33:00,Winnings,,2.9,501.9,501.9
Fanduel,2021-10-12 13:41:00,Wager,,-0.9,501.0,501.0
Fanduel,2021-10-14 09:28:00,Wager,,-20.0,481.0,481.0
Fanduel,2021-10-14 16:52:00,Wager,,-1.0,480.0,480.0
Fanduel,2021-10-17 01:28:00,Wager,,-10.0,470.0,470.0
Fanduel,2021-10-17 01:29:00,Wager,,-5.0,465.0,465.0
Fanduel,2021-10-17 01:31:00,Wager,,-5.0,460.0,460.0
Fanduel,2021-10-17 10:19:00,Wager,,-10.0,450.0,450.0
Fanduel,2021-10-17 16:06:00,Winnings,,11.54,461.54,461.54
Fanduel,2021-10-17 16:15:00,Winnings,Bonus,10.0,471.54,471.54
Fanduel,2021-10-17 18:21:00,Winnings,,0.35,471.89,471.89
Fanduel,2021-10-17 18:55:00,Wager,,-10.0,461.89,461.89
Fanduel,2021-10-18 23:24:00,Winnings,Bonus,10.0,471.89,471.89
Fanduel,2021-10-19 19:48:00,Wager,,-10.0,461.89,461.89
Fanduel,2021-10-20 21:36:00,Winnings,Bonus,10.0,471.89,471.89
Fanduel,2021-10-21 18:35:00,Wager,,-1.89,470.0,470.0
Fanduel,2021-10-22 19:01:00,Wager,,-4.0,466.0,466.0
Fanduel,2021-10-22 19:03:00,Wager,,-1.0,465.0,465.0
Fanduel,2021-10-22 22:19:00,Winnings,,3.55,468.55,468.55
Fanduel,2021-10-23 10:35:00,Wager,,-8.55,460.0,460.0
Fanduel,2021-10-23 20:12:00,Wager,,-20.0,440.0,440.0
Fanduel,2021-10-23 21:39:00,Wager,,-10.0,430.0,430.0
Fanduel,2021-10-24 16:02:00,Wager,,-5.0,425.0,425.0
Fanduel,2021-10-24 16:18:00,Winnings,Bonus,10.0,435.0,435.0
Fanduel,2021-10-24 23:25:00,Wager,,-39.5,395.5,395.5
Fanduel,2021-10-24 23:27:00,Wager,,-52.28,343.22,343.22
Fanduel,2021-10-25 23:19:00,Winnings,,137.06,480.28,480.28
Fanduel,2021-10-25 23:21:00,Winnings,Bonus,10.0,490.28,490.28
Fanduel,2021-10-26 12:54:00,Wager,,-10.0,480.28,480.28
Fanduel,2021-10-26 13:05:00,Wager,,-10.0,470.28,470.28
Fanduel,2021-10-26 15:19:00,Wager,,-10.01,460.27,460.27
Fanduel,2021-10-26 15:23:00,Wager,,-2.27,458.0,458.0
Fanduel,2021-10-26 15:23:00,Wager,,-3.0,455.0,455.0
Fanduel,2021-10-27 00:10:00,Wager,,-4.73,450.27,450.27
Fanduel,2021-10-27 00:22:00,Winnings,Bonus,10.0,460.27,460.27
Fanduel,2021-10-27 00:33:00,Winnings,,8.61,468.88,468.88
Fanduel,2021-10-28 15:07:00,Winnings,Bonus,10.0,478.88,478.88
Fanduel,2021-10-29 15:46:00,Wager,,-10.0,468.88,468.88
Fanduel,2021-10-29 15:54:00,Wager,,-25.0,443.88,443.88
Fanduel,2021-10-29 19:43:00,Wager,,-5.0,438.88,438.88
Fanduel,2021-10-29 23:26:00,Winnings,Bonus,10.0,448.88,448.88
Fanduel,2021-10-30 15:45:00,Wager,,-20.0,428.88,428.88
Fanduel,2021-10-30 15:47:00,Wager,,-5.0,423.88,423.88
Fanduel,2021-10-30 15:48:00,Wager,,-10.0,413.88,413.88
Fanduel,2021-10-30 15:50:00,Wager,,-5.0,408.88,408.88
Fanduel,2021-10-30 19:55:00,Winnings,Bonus,25.0,433.88,433.88
Fanduel,2021-10-31 13:48:00,Wager,,-7.0,426.88,426.88
Fanduel,2021-10-31 15:34:00,Wager,,-5.0,421.88,421.88
Fanduel,2021-10-31 16:14:00,Winnings,,11.11,432.99,432.99
Fanduel,2021-10-31 16:19:00,Winnings,,9.72,442.71000000000004,442.71000000000004
Fanduel,2021-10-31 16:19:00,Winnings,,16.66,480.67,480.67
Fanduel,2021-10-31 16:19:00,Winnings,Bonus,10.0,452.71,452.71
Fanduel,2021-10-31 16:19:00,Winnings,,11.3,464.01,464.01
Fanduel,2021-10-31 16:21:00,Wager,,-10.0,470.67,470.67
Fanduel,2021-10-31 16:36:00,Winnings,,11.5,482.17,482.17
Fanduel,2021-10-31 16:56:00,Wager,,-3.0,479.17,479.17
Fanduel,2021-10-31 19:35:00,Wager,,-1.0,478.17,478.17
Fanduel,2021-10-31 19:36:00,Winnings,Bonus,10.0,488.17,488.17
Fanduel,2021-10-31 19:40:00,Winnings,,5.73,493.9,493.9
Fanduel,2021-11-01 14:19:00,Winnings,Bonus,5.0,498.9,498.9
Fanduel,2021-11-02 15:26:00,Wager,,-10.0,488.9,488.9
Fanduel,2021-11-02 21:05:00,Wager,,-20.0,468.9,468.9
Fanduel,2021-11-02 21:54:00,Winnings,Bonus,10.0,478.9,478.9
Fanduel,2021-11-02 21:55:00,Winnings,,23.85,502.75,502.75
Fanduel,2021-11-03 19:09:00,Wager,,-2.75,500.0,500.0
Fanduel,2021-11-04 20:12:00,Wager,,-6.5,493.5,493.5
Draftkings,2021-11-07 10:00:00,Deposit,,150.0,150.0,643.5
Draftkings,2021-11-07 10:03:00,Wager,,-5.0,145.0,638.5
Fanduel,2021-11-07 10:28:00,Wager,,-20.0,473.5,618.5
Fanduel,2021-11-07 15:44:00,Wager,,-10.0,463.5,608.5
Fanduel,2021-11-07 15:47:00,Wager,,-9.75,453.75,598.75
Fanduel,2021-11-07 15:51:00,Wager,,-10.0,433.75,578.75
Fanduel,2021-11-07 15:51:00,Wager,,-10.0,443.75,588.75
Fanduel,2021-11-07 16:05:00,Winnings,,16.16,449.91,594.9100000000001
Fanduel,2021-11-07 16:06:00,Winnings,Bonus,10.0,459.91,604.9100000000001
Fanduel,2021-11-07 16:12:00,Winnings,,14.88,492.99,637.99
Fanduel,2021-11-07 16:12:00,Winnings,,14.65,507.64,652.64
Fanduel,2021-11-07 16:12:00,Winnings,,18.2,478.11,623.11
Fanduel,2021-11-07 16:22:00,Wager,,-10.0,497.64,642.64
Fanduel,2021-11-07 17:34:00,Wager,,-10.0,487.64,632.64
Fanduel,2021-11-07 19:33:00,Winnings,Bonus,10.0,497.64,642.64
Fanduel,2021-11-07 19:37:00,Winnings,,18.7,516.34,661.34
Draftkings,2021-11-07 20:19:00,Wager,,-10.0,135.0,651.34
Draftkings,2021-11-08 13:27:00,Wager,,-7.0,128.0,644.34
Draftkings,2021-11-08 18:50:00,Wager,,-10.0,118.0,634.34
Fanduel,2021-11-08 22:57:00,Wager,,-5.0,511.34,629.3399999999999
Draftkings,2021-11-08 23:48:00,Winnings,,23.45,141.45,652.79
Draftkings,2021-11-08 23:48:00,Winnings,,8.22,149.67,661.01
Draftkings,2021-11-08 23:49:00,Winnings,Bonus,1.0,150.67,662.01
Draftkings,2021-11-09 00:26:00,Winnings,,36.0,186.67,698.01
Fanduel,2021-11-09 18:47:00,Wager,,-10.0,501.34,688.01
Draftkings,2021-11-09 18:52:00,Wager,,-0.67,186.0,687.3399999999999
Draftkings,2021-11-09 19:23:00,Wager,,-10.0,176.0,677.3399999999999
Fanduel,2021-11-09 22:30:00,Winnings,Bonus,10.0,511.34,687.3399999999999
Fanduel,2021-11-09 23:05:00,Wager,,-10.0,501.34,677.3399999999999
Draftkings,2021-11-10 00:11:00,Winnings,Bonus,1.0,249.42,750.76
Draftkings,2021-11-10 00:11:00,Winnings,Bonus,1.0,250.42,751.76
Draftkings,2021-11-10 00:11:00,Winnings,,71.42,247.42,748.76
Draftkings,2021-11-10 00:11:00,Winnings,Bonus,1.0,248.42,749.76
Draftkings,2021-11-10 00:11:00,Winnings,Bonus,1.0,251.42,752.76
Draftkings,2021-11-10 00:17:00,Winnings,,0.67,254.1,755.4399999999999
Draftkings,2021-11-10 00:17:00,Winnings,,2.01,253.43,754.77
Draftkings,2021-11-10 17:38:00,Wager,,-10.0,244.1,745.4399999999999
Draftkings,2021-11-10 22:19:00,Winnings,,3.03,263.19,764.53
Draftkings,2021-11-10 22:19:00,Winnings,,16.06,260.16,761.5
Draftkings,2021-11-10 22:31:00,Winnings,Bonus,1.0,264.19,765.53
Draftkings,2021-11-11 12:25:00,Wager,,-10.0,254.19,755.53
Fanduel,2021-11-11 22:01:00,Wager,,-5.0,496.34,750.53
Draftkings,2021-11-12 18:30:00,Wager,,-1.19,253.0,749.3399999999999
Draftkings,2021-11-12 20:03:00,Wager,,-2.0,251.0,747.3399999999999
Fanduel,2021-11-12 22:19:00,Wager,,-0.34,496.0,747.0
Draftkings,2021-11-12 22:38:00,Winnings,Bonus,1.0,252.0,748.0
Fanduel,2021-11-12 22:51:00,Winnings,,2.89,498.89,750.89
Draftkings,2021-11-13 12:24:00,Wager,,-10.0,242.0,740.89
Draftkings,2021-11-13 12:26:00,Wager,,-2.0,240.0,738.89
Fanduel,2021-11-13 12:37:00,Wager,,-20.0,478.89,718.89
Fanduel,2021-11-13 17:25:00,Wager,,-5.0,473.89,713.89
Draftkings,2021-11-13 19:04:00,Winnings,Bonus,1.0,241.0,714.89
Fanduel,2021-11-13 19:04:00,Winnings,,9.63,483.52,724.52
Draftkings,2021-11-14 10:47:00,Wager,,-2.0,239.0,722.52
Draftkings,2021-11-14 12:50:00,Wager,,-5.0,234.0,717.52
Draftkings,2021-11-14 13:35:00,Winnings,,7.85,241.85,725.37
Draftkings,2021-11-14 13:35:00,Winnings,,2.15,244.0,727.52
Fanduel,2021-11-14 15:32:00,Wager,,-35.0,448.52,692.52
Fanduel,2021-11-14 15:50:00,Wager,,-100.0,348.52,592.52
Fanduel,2021-11-14 16:02:00,Winnings,,102.22,515.4,759.4
Fanduel,2021-11-14 16:02:00,Winnings,,64.66,413.18,657.1800000000001
Fanduel,2021-11-14 16:06:00,Winnings,Bonus,10.0,525.4,769.4
Draftkings,2021-11-14 16:06:00,Winnings,Bonus,1.0,248.0,773.4
Draftkings,2021-11-14 16:06:00,Winnings,Bonus,1.0,247.0,772.4
Draftkings,2021-11-14 16:06:00,Winnings,Bonus,1.0,246.0,771.4
Draftkings,2021-11-14 16:06:00,Winnings,Bonus,1.0,245.0,770.4
Fanduel,2021-11-14 16:18:00,Wager,,-10.0,515.4,760.4
Draftkings,2021-11-14 17:03:00,Wager,,-10.0,238.0,753.4
Draftkings,2021-11-14 17:15:00,Winnings,Bonus,1.0,239.0,754.4
Draftkings,2021-11-14 19:22:00,Winnings,Bonus,1.0,240.0,755.4
Fanduel,2021-11-14 19:26:00,Winnings,Bonus,10.0,525.4,765.4
Draftkings,2021-11-14 19:43:00,Wager,,-5.0,235.0,760.4
Draftkings,2021-11-14 19:48:00,Wager,,-1.0,234.0,759.4
Fanduel,2021-11-15 13:44:00,Winnings,Bonus,5.0,530.4,764.4
Draftkings,2021-11-15 15:53:00,Wager,,-14.0,220.0,750.4
Draftkings,2021-11-15 23:10:00,Winnings,Bonus,1.0,221.0,751.4
Fanduel,2021-11-16 19:56:00,Wager,,-10.0,520.4,741.4
Draftkings,2021-11-16 19:58:00,Wager,,-1.0,220.0,740.4
Fanduel,2021-11-17 00:17:00,Winnings,Bonus,10.0,530.4,750.4
Draftkings,2021-11-17 16:23:00,Wager,,-5.0,215.0,745.4
Draftkings,2021-11-18 23:43:00,Wager,,-5.0,210.0,740.4
Fanduel,2021-11-21 10:53:00,Wager,,-20.0,510.4,720.4
Fanduel,2021-11-21 11:37:00,Wager,,-10.0,500.4,710.4
Fanduel,2021-11-21 15:03:00,Wager,,-25.0,475.4,685.4
Fanduel,2021-11-21 16:02:00,Winnings,,36.36,511.76,721.76
Fanduel,2021-11-21 16:04:00,Winnings,Bonus,10.0,521.76,731.76
Fanduel,2021-11-21 16:18:00,Wager,,-10.0,511.76,721.76
Fanduel,2021-11-21 19:28:00,Winnings,Bonus,10.0,521.76,731.76
Fanduel,2021-11-24 00:32:00,Wager,,-10.0,511.76,721.76
Fanduel,2021-11-24 00:34:00,Wager,,-10.0,501.76,711.76
Fanduel,2021-11-24 21:07:00,Wager,,-5.0,496.76,706.76
Fanduel,2021-11-25 11:23:00,Wager,,-3.0,493.76,703.76
Fanduel,2021-11-25 14:13:00,Wager,,-7.0,486.76,696.76
Fanduel,2021-11-25 15:41:00,Winnings,,13.6,500.36,710.36
Fanduel,2021-11-25 18:20:00,Wager,,-15.0,485.36,695.36
Fanduel,2021-11-25 23:14:00,Winnings,,30.0,515.36,725.36
Fanduel,2021-11-26 11:30:00,Winnings,Bonus,5.0,520.36,730.36
Fanduel,2021-11-27 11:21:00,Wager,,-5.0,515.36,725.36
Fanduel,2021-11-27 11:29:00,Winnings,,5.0,520.36,730.36
Fanduel,2021-11-27 11:29:00,Wager,,-5.0,515.36,725.36
Fanduel,2021-11-28 19:55:00,Wager,,-5.0,510.36,720.36
Draftkings,2021-11-28 20:17:00,Wager,,-10.0,200.0,710.36
Fanduel,2021-11-28 22:43:00,Wager,,-15.0,495.36,695.36
Draftkings,2021-11-29 00:13:00,Winnings,Bonus,1.0,201.0,696.36
Draftkings,2021-11-29 14:01:00,Wager,,-10.0,191.0,686.36
Draftkings,2021-11-29 14:02:00,Wager,,-1.0,190.0,685.36
Fanduel,2021-11-30 08:57:00,Wager,,-10.0,485.36,675.36
Fanduel,2021-11-30 10:23:00,Winnings,,10.0,495.36,685.36
Draftkings,2021-11-30 10:26:00,Wager,,-2.0,188.0,683.36
Fanduel,2021-11-30 13:12:00,Winnings,Bonus,10.0,505.36,693.36
Fanduel,2021-11-30 18:19:00,Wager,,-10.0,495.36,683.36
Draftkings,2021-11-30 18:39:00,Wager,,-12.0,176.0,671.36
Draftkings,2021-11-30 18:41:00,Wager,,-6.0,170.0,665.36
Draftkings,2021-11-30 21:29:00,Winnings,,9.52,179.52,674.88
Draftkings,2021-11-30 21:32:00,Winnings,Bonus,1.0,180.52,675.88
Fanduel,2021-11-30 22:04:00,Wager,,-10.0,485.36,665.88
Fanduel,2021-11-30 22:04:00,Wager,,-5.0,480.36,660.88
Draftkings,2021-11-30 23:45:00,Winnings,,13.29,193.81,674.1700000000001
Draftkings,2021-11-30 23:46:00,Winnings,,3.73,197.54,677.9
Draftkings,2021-12-01 00:20:00,Winnings,,17.45,214.99,695.35
Draftkings,2021-12-01 00:20:00,Winnings,,2.73,217.72,698.08
Draftkings,2021-12-01 00:21:00,Winnings,,11.45,229.17,709.53
Draftkings,2021-12-01 00:21:00,Winnings,,1.36,230.53,710.89
Draftkings,2021-12-01 00:23:00,Winnings,Bonus,1.0,231.53,711.89
Fanduel,2021-12-01 00:23:00,Winnings,Bonus,10.0,490.36,721.89
Draftkings,2021-12-01 18:29:00,Wager,,-10.0,221.53,711.89
Draftkings,2021-12-01 21:19:00,Winnings,,21.0,242.53,732.89
Draftkings,2021-12-01 21:19:00,Winnings,,5.5,248.03,738.39
Draftkings,2021-12-02 19:58:00,Wager,,-10.0,238.03,728.39
Fanduel,2021-12-02 20:02:00,Wager,,-10.0,480.36,718.39
Fanduel,2021-12-02 20:02:00,Wager,,-25.0,455.36,693.39
Fanduel,2021-12-02 23:36:00,Winnings,,70.0,525.36,763.39
Draftkings,2021-12-03 15:44:00,Wager,,-50.0,188.03,713.39
Fanduel,2021-12-03 15:48:00,Wager,,-10.0,515.36,703.39
Fanduel,2021-12-03 23:32:00,Winnings,,19.09,534.45,722.48
Draftkings,2021-12-03 23:39:00,Winnings,Bonus,1.0,190.03,724.48
Draftkings,2021-12-03 23:39:00,Winnings,Bonus,1.0,189.03,723.48
Draftkings,2021-12-04 12:02:00,Wager,,-13.0,177.03,711.48
Draftkings,2021-12-04 12:03:00,Wager,,-2.03,175.0,709.45
Draftkings,2021-12-04 12:07:00,Wager,,-10.0,165.0,699.45
Draftkings,2021-12-04 19:03:00,Winnings,Bonus,1.0,166.0,700.45
Fanduel,2021-12-05 02:37:00,Wager,,-20.0,514.45,680.45
Fanduel,2021-12-05 02:42:00,Wager,,-15.0,499.45,665.45
Fanduel,2021-12-05 10:07:00,Wager,,-5.0,494.45,660.45
Fanduel,2021-12-05 13:31:00,Wager,,-10.0,484.45,650.45
Draftkings,2021-12-05 14:43:00,Wager,,-0.5,165.5,649.95
Draftkings,2021-12-05 15:58:00,Winnings,Bonus,1.0,166.5,650.95
Fanduel,2021-12-05 16:08:00,Winnings,,22.0,506.45,672.95
Fanduel,2021-12-05 18:51:00,Wager,,-8.0,498.45,664.95
Fanduel,2021-12-05 19:07:00,Winnings,Bonus,10.0,526.05,692.55
Fanduel,2021-12-05 19:07:00,Winnings,,17.6,516.05,682.55
Draftkings,2021-12-05 19:37:00,Winnings,Bonus,1.0,167.5,683.55
Fanduel,2021-12-05 20:18:00,Wager,,-5.0,521.05,688.55
Draftkings,2021-12-05 21:07:00,Wager,,-1.5,166.0,687.05
Draftkings,2021-12-05 23:16:00,Winnings,,21.81,187.81,708.8599999999999
Draftkings,2021-12-05 23:16:00,Winnings,,8.69,196.5,717.55
Draftkings,2021-12-05 23:16:00,Winnings,Bonus,1.0,197.5,718.55
Fanduel,2021-12-06 18:55:00,Wager,,-10.0,511.05,708.55
Fanduel,2021-12-06 18:56:00,Wager,,-5.0,506.05,703.55
Draftkings,2021-12-06 19:01:00,Wager,,-5.0,192.5,698.55
Fanduel,2021-12-06 19:07:00,Wager,,-5.0,501.05,693.55
Draftkings,2021-12-06 19:18:00,Wager,,-2.0,190.5,691.55
Draftkings,2021-12-06 20:40:00,Winnings,,0.99,196.49,697.54
Draftkings,2021-12-06 20:40:00,Winnings,,5.0,195.5,696.55
Draftkings,2021-12-06 21:22:00,Winnings,Bonus,1.0,197.49,698.54
Fanduel,2021-12-06 23:10:00,Winnings,Bonus,10.0,511.05,708.54
Fanduel,2021-12-06 23:16:00,Winnings,,9.55,520.6,718.09
Fanduel,2021-12-06 23:21:00,Winnings,,16.0,536.6,734.09
Fanduel,2021-12-07 18:42:00,Wager,,-10.0,526.6,724.09
Fanduel,2021-12-07 18:49:00,Wager,,-3.0,523.6,721.09
Draftkings,2021-12-07 18:49:00,Wager,,-12.0,185.49,709.09
Draftkings,2021-12-07 21:55:00,Winnings,,22.43,207.92,731.52
Draftkings,2021-12-07 21:56:00,Winnings,,5.22,213.14,736.74
Fanduel,2021-12-07 23:00:00,Wager,,-2.0,521.6,734.74
Fanduel,2021-12-08 00:29:00,Winnings,Bonus,10.0,531.6,744.74
Draftkings,2021-12-08 17:27:00,Wager,,-1.14,212.0,743.6
Draftkings,2021-12-08 19:19:00,Wager,,-1.0,211.0,742.6
Fanduel,2021-12-09 08:54:00,Wager,,-15.0,516.6,727.6
Fanduel,2021-12-09 08:56:00,Wager,,-2.0,514.6,725.6
Draftkings,2021-12-09 14:23:00,Wager,,-9.0,202.0,716.6
Draftkings,2021-12-09 20:28:00,Winnings,,13.28,215.28,729.88
Draftkings,2021-12-09 20:29:00,Winnings,,3.91,219.19,733.79
Draftkings,2021-12-09 22:40:00,Winnings,Bonus,1.0,220.19,734.79
Fanduel,2021-12-10 22:07:00,Wager,,-1.0,513.6,733.79
Fanduel,2021-12-10 22:19:00,Winnings,,7.5,521.1,741.29
Fanduel,2021-12-11 19:42:00,Wager,,-10.0,511.1,731.29
Fanduel,2021-12-11 19:48:00,Wager,,-10.0,501.1,721.29
Fanduel,2021-12-11 20:01:00,Wager,,-5.0,496.1,716.29
Fanduel,2021-12-12 01:02:00,Wager,,-5.0,491.1,711.29
Fanduel,2021-12-12 01:05:00,Wager,,-5.0,486.1,706.29
Draftkings,2021-12-12 12:52:00,Wager,,-1.0,219.19,705.29
Draftkings,2021-12-12 12:56:00,Wager,,-7.0,212.19,698.29
Fanduel,2021-12-12 15:18:00,Wager,,-2.0,484.1,696.29
Fanduel,2021-12-12 16:35:00,Winnings,,2.87,486.97,699.1600000000001
Fanduel,2021-12-12 21:57:00,Winnings,,20.0,506.97,719.1600000000001
Fanduel,2021-12-12 22:07:00,Wager,,-5.0,501.97,714.1600000000001
Fanduel,2021-12-13 13:16:00,Wager,,-5.0,496.97,709.1600000000001
Fanduel,2021-12-13 23:18:00,Winnings,Bonus,10.0,506.97,719.1600000000001
Draftkings,2021-12-14 14:47:00,Wager,,-12.19,200.0,706.97
Fanduel,2021-12-14 14:50:00,Wager,,-3.0,503.97,703.97
Fanduel,2021-12-14 14:56:00,Wager,,-10.0,493.97,693.97
Fanduel,2021-12-14 14:58:00,Wager,,-3.0,490.97,690.97
Fanduel,2021-12-14 19:42:00,Winnings,,7.5,498.47,698.47
Fanduel,2021-12-14 21:58:00,Winnings,Bonus,10.0,508.47,708.47
Draftkings,2021-12-15 00:44:00,Winnings,,5.54,228.81,737.28
Draftkings,2021-12-15 00:44:00,Winnings,,23.27,223.27,731.74
Draftkings,2021-12-15 00:46:00,Winnings,Bonus,1.0,229.81,738.28
Fanduel,2021-12-15 20:57:00,Wager,,-5.0,503.47,733.28
Fanduel,2021-12-15 22:12:00,Winnings,,7.27,510.74,740.55
Draftkings,2021-12-16 10:56:00,Wager,,-17.0,212.81,723.55
Fanduel,2021-12-16 11:24:00,Wager,,-3.0,507.74,720.55
Fanduel,2021-12-16 19:55:00,Wager,,-1.0,506.74,719.55
Fanduel,2021-12-16 20:19:00,Wager,,-0.5,506.24,719.05
Fanduel,2021-12-17 22:10:00,Wager,,-20.0,486.24,699.05
Fanduel,2021-12-17 22:12:00,Winnings,,20.0,506.24,719.05
Fanduel,2021-12-17 22:16:00,Wager,,-20.0,486.24,699.05
Fanduel,2021-12-19 00:04:00,Wager,,-4.5,481.74,694.55
Fanduel,2021-12-19 10:18:00,Wager,,-5.0,476.74,689.55
Fanduel,2021-12-19 10:26:00,Wager,,-5.0,471.74,684.55
Fanduel,2021-12-19 13:10:00,Wager,,-5.0,466.74,679.55
Fanduel,2021-12-20 11:59:00,Winnings,Bonus,5.0,471.74,684.55
Fanduel,2021-12-20 12:39:00,Wager,,-5.0,466.74,679.55
Fanduel,2021-12-20 12:39:00,Wager,,-8.0,458.74,671.55
Fanduel,2021-12-20 15:51:00,Wager,,-5.0,453.74,666.55
Fanduel,2021-12-20 20:04:00,Winnings,,113.84,567.58,780.3900000000001
Fanduel,2021-12-20 20:04:00,Winnings,Bonus,10.0,577.58,790.3900000000001
Fanduel,2021-12-20 23:15:00,Wager,,-1.0,576.58,789.3900000000001
Draftkings,2021-12-20 23:21:00,Winnings,Bonus,1.0,213.81,790.3900000000001
Fanduel,2021-12-20 23:24:00,Winnings,,5.8,582.38,796.19
Fanduel,2021-12-21 16:16:00,Wager,,-5.0,577.38,791.19
Fanduel,2021-12-21 16:21:00,Wager,,-5.0,572.38,786.19
Fanduel,2021-12-21 16:22:00,Wager,,-1.0,567.38,781.19
Fanduel,2021-12-21 16:22:00,Wager,,-4.0,568.38,782.19
Fanduel,2021-12-21 16:31:00,Wager,,-10.0,557.38,771.19
Fanduel,2021-12-21 20:22:00,Wager,,-3.0,554.38,768.19
Fanduel,2021-12-21 21:47:00,Winnings,Bonus,10.0,564.38,778.19
Fanduel,2021-12-21 21:58:00,Winnings,Bonus,10.0,574.38,788.19
Fanduel,2021-12-21 22:12:00,Winnings,,5.61,579.99,793.8
Fanduel,2021-12-22 11:06:00,Wager,,-10.0,569.99,783.8
Fanduel,2021-12-22 21:05:00,Wager,,-3.0,566.99,780.8
Fanduel,2021-12-22 21:48:00,Wager,,-7.0,559.99,773.8
Fanduel,2021-12-22 22:47:00,Wager,,-5.0,554.99,768.8
Fanduel,2021-12-22 23:08:00,Winnings,Bonus,10.0,580.9,794.71
Fanduel,2021-12-22 23:08:00,Winnings,,9.55,570.9,784.71
Fanduel,2021-12-22 23:08:00,Winnings,,17.08,597.98,811.79
Fanduel,2021-12-22 23:08:00,Winnings,,6.36,561.35,775.1600000000001
Fanduel,2021-12-23 19:37:00,Wager,,-10.0,587.98,801.79
Fanduel,2021-12-23 19:40:00,Wager,,-10.0,577.98,791.79
Fanduel,2021-12-23 19:47:00,Wager,,-5.0,572.98,786.79
Fanduel,2021-12-23 21:39:00,Wager,,-2.0,570.98,784.79
Fanduel,2021-12-23 23:14:00,Winnings,Bonus,10.0,580.98,794.79
Fanduel,2021-12-23 23:19:00,Winnings,,3.67,584.65,798.46
Fanduel,2021-12-24 11:27:00,Wager,,-5.0,579.65,793.46
Fanduel,2021-12-24 11:30:00,Wager,,-5.0,574.65,788.46
Fanduel,2021-12-24 11:32:00,Wager,,-5.0,569.65,783.46
Fanduel,2021-12-24 11:33:00,Wager,,-5.0,564.65,778.46
Fanduel,2021-12-24 12:11:00,Wager,,-10.0,554.65,768.46
Fanduel,2021-12-25 19:35:00,Winnings,,26.84,581.49,795.3
Fanduel,2021-12-26 11:23:00,Winnings,Bonus,10.0,591.49,805.3
Fanduel,2021-12-26 16:18:00,Winnings,Bonus,10.0,601.49,815.3
Fanduel,2021-12-27 11:13:00,Winnings,Bonus,5.0,606.49,820.3
Fanduel,2021-12-31 13:06:00,Wager,,-5.0,601.49,815.3
Fanduel,2021-12-31 13:20:00,Wager,,-5.0,596.49,810.3
Fanduel,2021-12-31 13:34:00,Wager,,-5.0,591.49,805.3
Fanduel,2021-12-31 13:39:00,Wager,,-5.0,586.49,800.3
Fanduel,2021-12-31 13:42:00,Wager,,-5.0,581.49,795.3
Fanduel,2021-12-31 13:44:00,Wager,,-1.0,580.49,794.3
Fanduel,2021-12-31 13:47:00,Wager,,-14.0,566.49,780.3
Fanduel,2021-12-31 13:48:00,Wager,,-1.0,565.49,779.3
Fanduel,2021-12-31 19:29:00,Wager,,-2.0,563.49,777.3
Fanduel,2021-12-31 22:12:00,Winnings,,3.7,567.19,781.0
Fanduel,2022-01-01 16:51:00,Wager,,-2.0,565.19,779.0
Fanduel,2022-01-01 21:05:00,Wager,,-8.0,557.19,771.0
Fanduel,2022-01-01 21:47:00,Wager,,-2.0,555.19,769.0
Fanduel,2022-01-02 00:26:00,Winnings,,37.5,592.69,806.5
Fanduel,2022-01-02 00:57:00,Wager,,-5.0,587.69,801.5
Fanduel,2022-01-02 01:05:00,Wager,,-5.0,582.69,796.5
Fanduel,2022-01-02 01:14:00,Wager,,-5.0,577.69,791.5
Fanduel,2022-01-02 01:21:00,Wager,,-5.0,572.69,786.5
Fanduel,2022-01-02 01:24:00,Wager,,-10.0,562.69,776.5
Fanduel,2022-01-02 12:52:00,Winnings,Bonus,10.0,572.69,786.5
Fanduel,2022-01-02 15:40:00,Wager,,-5.0,567.69,781.5
Fanduel,2022-01-02 16:10:00,Winnings,,25.26,592.95,806.76
Fanduel,2022-01-02 16:11:00,Winnings,Bonus,10.0,602.95,816.76
Fanduel,2022-01-02 16:23:00,Wager,,-2.95,600.0,813.81
Fanduel,2022-01-02 19:32:00,Winnings,,14.07,614.07,827.8800000000001
Fanduel,2022-01-02 19:47:00,Winnings,,19.09,633.16,846.97
Fanduel,2022-01-02 19:59:00,Wager,,-7.05,626.11,839.9200000000001
Fanduel,2022-01-03 11:26:00,Winnings,Bonus,5.0,631.11,844.9200000000001
Fanduel,2022-01-07 17:33:00,Wager,,-25.0,606.11,819.9200000000001
Fanduel,2022-01-08 08:57:00,Wager,,-2.0,604.11,817.9200000000001
Fanduel,2022-01-08 10:22:00,Winnings,Bonus,22.0,626.11,839.9200000000001
Fanduel,2022-01-09 09:40:00,Wager,,-5.0,621.11,834.9200000000001
Fanduel,2022-01-09 09:47:00,Wager,,-5.0,616.11,829.9200000000001
Fanduel,2022-01-09 09:52:00,Wager,,-5.0,611.11,824.9200000000001
Fanduel,2022-01-09 09:58:00,Wager,,-5.0,606.11,819.9200000000001
Draftkings,2022-01-09 10:04:00,Wager,,-7.0,206.81,812.9200000000001
Fanduel,2022-01-09 10:05:00,Wager,,-25.0,581.11,787.9200000000001
Fanduel,2022-01-09 12:05:00,Wager,,-1.0,580.11,786.9200000000001
Fanduel,2022-01-09 13:53:00,Wager,,-4.0,572.11,778.9200000000001
Fanduel,2022-01-09 13:53:00,Wager,,-4.0,576.11,782.9200000000001
Fanduel,2022-01-09 16:13:00,Winnings,,14.78,586.89,793.7
Draftkings,2022-01-09 18:58:00,Winnings,Bonus,1.0,207.81,794.7
Fanduel,2022-01-09 19:36:00,Winnings,Bonus,10.0,596.89,804.7
Fanduel,2022-01-09 21:04:00,Wager,,-5.0,591.89,799.7
Fanduel,2022-01-09 21:05:00,Wager,,-2.0,589.89,797.7
Draftkings,2022-01-09 23:58:00,Wager,,-10.0,197.81,787.7
Draftkings,2022-01-10 00:05:00,Winnings,,23.5,221.31,811.2
Draftkings,2022-01-10 17:46:00,Wager,,-10.0,211.31,801.2
Draftkings,2022-01-10 23:58:00,Winnings,,28.0,239.31,829.2
Draftkings,2022-01-11 00:00:00,Winnings,,4.5,243.81,833.7
Draftkings,2022-01-11 00:01:00,Winnings,Bonus,1.0,244.81,834.7
Draftkings,2022-01-12 17:14:00,Wager,,-5.0,234.81,824.7
Draftkings,2022-01-12 17:14:00,Wager,,-5.0,239.81,829.7
Draftkings,2022-01-12 17:17:00,Wager,,-5.0,229.81,819.7
Fanduel,2022-01-12 17:20:00,Wager,,-3.0,586.89,816.7
Draftkings,2022-01-12 20:54:00,Winnings,,1.25,241.06,827.95
Draftkings,2022-01-12 20:54:00,Winnings,,10.0,239.81,826.7
Draftkings,2022-01-12 20:59:00,Winnings,,9.54,250.6,837.49
Draftkings,2022-01-12 21:00:00,Winnings,,1.14,251.74,838.63
Draftkings,2022-01-12 21:06:00,Winnings,,12.25,263.99,850.88
Draftkings,2022-01-12 21:06:00,Winnings,,1.81,265.8,852.69
Fanduel,2022-01-12 21:41:00,Winnings,,8.4,595.29,861.0899999999999
Fanduel,2022-01-13 11:58:00,Wager,,-10.0,585.29,851.0899999999999
Draftkings,2022-01-13 12:08:00,Wager,,-25.0,240.8,826.0899999999999
Fanduel,2022-01-13 21:47:00,Winnings,Bonus,10.0,595.29,836.0899999999999
Draftkings,2022-01-13 23:24:00,Winnings,,37.5,278.3,873.5899999999999
Draftkings,2022-01-14 00:20:00,Wager,,-25.34,252.96,848.25
Fanduel,2022-01-14 17:18:00,Wager,,-25.0,570.29,823.25
Fanduel,2022-01-14 17:30:00,Wager,,-3.0,567.29,820.25
Draftkings,2022-01-14 21:03:00,Wager,,-2.0,250.96,818.25
Fanduel,2022-01-15 11:28:00,Wager,,-5.0,562.29,813.25
Fanduel,2022-01-15 11:29:00,Wager,,-3.0,559.29,810.25
Fanduel,2022-01-15 11:35:00,Wager,,-10.0,549.29,800.25
Fanduel,2022-01-15 11:42:00,Wager,,-10.0,539.29,790.25
Fanduel,2022-01-15 11:49:00,Wager,,-10.0,529.29,780.25
Draftkings,2022-01-15 11:58:00,Wager,,-10.0,240.96,770.25
Fanduel,2022-01-15 16:00:00,Winnings,Bonus,25.0,554.29,795.25
Draftkings,2022-01-15 19:05:00,Wager,,-12.0,228.96,783.25
Draftkings,2022-01-15 20:35:00,Winnings,,48.37,277.33,831.6199999999999
Fanduel,2022-01-16 12:38:00,Wager,,-10.0,544.29,821.6199999999999
Fanduel,2022-01-16 12:40:00,Wager,,-4.0,540.29,817.6199999999999
Fanduel,2022-01-16 12:41:00,Wager,,-10.0,530.29,807.6199999999999
Draftkings,2022-01-16 12:56:00,Wager,,-2.0,275.33,805.6199999999999
Draftkings,2022-01-16 16:14:00,Winnings,,12.5,287.83,818.1199999999999
Fanduel,2022-01-16 16:16:00,Winnings,,10.05,540.34,828.1700000000001
Draftkings,2022-01-16 16:27:00,Wager,,-2.83,275.0,815.34
Draftkings,2022-01-16 16:27:00,Wager,,-10.0,277.83,818.1700000000001
Fanduel,2022-01-16 17:37:00,Wager,,-5.0,535.34,813.1700000000001
Fanduel,2022-01-16 20:03:00,Winnings,,9.39,544.73,822.56
Draftkings,2022-01-16 20:33:00,Winnings,,5.0,280.0,824.73
Draftkings,2022-01-16 20:33:00,Winnings,,0.66,280.66,825.3900000000001
Fanduel,2022-01-16 23:17:00,Winnings,,53.23,597.96,878.6200000000001
Draftkings,2022-01-16 23:43:00,Winnings,,10.0,290.66,888.6200000000001
Draftkings,2022-01-17 14:44:00,Winnings,,23.8,314.46,912.4200000000001
Fanduel,2022-01-17 16:36:00,Wager,,-5.0,592.96,907.4200000000001
Draftkings,2022-01-17 16:52:00,Wager,,-10.0,304.46,897.4200000000001
Fanduel,2022-01-18 15:55:00,Winnings,Bonus,25.0,617.96,922.4200000000001
Draftkings,2022-01-18 19:52:00,Wager,,-8.0,296.46,914.4200000000001
Fanduel,2022-01-19 11:25:00,Wager,,-7.0,610.96,907.4200000000001
Fanduel,2022-01-19 11:28:00,Wager,,-3.0,607.96,904.4200000000001
Fanduel,2022-01-19 11:29:00,Wager,,-15.0,592.96,889.4200000000001
Draftkings,2022-01-19 17:40:00,Wager,,-5.0,291.46,884.4200000000001
Draftkings,2022-01-19 18:06:00,Wager,,-5.0,286.46,879.4200000000001
Fanduel,2022-01-19 22:40:00,Winnings,Bonus,7.0,599.96,886.4200000000001
Fanduel,2022-01-19 23:11:00,Winnings,,15.21,615.17,901.6299999999999
Fanduel,2022-01-19 23:14:00,Winnings,Bonus,3.0,618.17,904.6299999999999
Draftkings,2022-01-20 13:21:00,Wager,,-33.0,253.46,871.63
Draftkings,2022-01-20 16:23:00,Wager,,-10.0,243.46,861.63
Fanduel,2022-01-20 18:55:00,Wager,,-10.0,608.17,851.63
Fanduel,2022-01-20 18:58:00,Wager,,-3.0,605.17,848.63
Fanduel,2022-01-20 21:55:00,Winnings,Bonus,10.0,615.17,858.63
Draftkings,2022-01-20 22:21:00,Wager,,-3.0,240.46,855.63
Draftkings,2022-01-20 22:21:00,Wager,,-3.0,237.46,852.63
Draftkings,2022-01-20 22:22:00,Wager,,-3.0,234.46,849.63
Draftkings,2022-01-21 01:07:00,Winnings,,5.85,240.31,855.48
Draftkings,2022-01-21 01:07:00,Winnings,,22.51,263.54,878.71
Draftkings,2022-01-21 01:07:00,Winnings,,0.72,241.03,856.1999999999999
Fanduel,2022-01-21 19:59:00,Wager,,-25.0,590.17,831.1999999999999
Fanduel,2022-01-22 12:43:00,Winnings,Bonus,13.0,603.17,844.1999999999999
Draftkings,2022-01-22 14:26:00,Wager,,-1.0,262.54,865.71
Draftkings,2022-01-22 14:27:00,Wager,,-3.0,259.54,862.71
Fanduel,2022-01-22 14:35:00,Wager,,-4.0,599.17,858.71
Fanduel,2022-01-22 14:36:00,Wager,,-4.0,595.17,854.71
Draftkings,2022-01-22 19:33:00,Winnings,,20.4,279.94,875.1099999999999
Fanduel,2022-01-22 20:03:00,Winnings,,12.8,607.97,887.9100000000001
Draftkings,2022-01-22 23:13:00,Winnings,,19.0,298.94,906.9100000000001
Draftkings,2022-01-23 10:34:00,Wager,,-7.0,291.94,899.9100000000001
Fanduel,2022-01-23 13:59:00,Wager,,-5.0,602.97,894.9100000000001
Fanduel,2022-01-23 14:55:00,Wager,,-10.0,592.97,884.9100000000001
Fanduel,2022-01-23 14:56:00,Wager,,-2.0,590.97,882.9100000000001
Fanduel,2022-01-23 14:56:00,Wager,,-15.0,575.97,867.9100000000001
Draftkings,2022-01-23 15:04:00,Wager,,-10.0,281.94,857.9100000000001
Draftkings,2022-01-23 15:06:00,Winnings,,26.5,308.44,884.4100000000001
Draftkings,2022-01-23 17:19:00,Winnings,,15.53,323.97,899.94
Fanduel,2022-01-23 18:26:00,Winnings,,15.08,591.05,915.02
Draftkings,2022-01-23 18:53:00,Wager,,-8.0,315.97,907.02
Fanduel,2022-01-23 21:29:00,Wager,,-5.0,586.05,902.02
Fanduel,2022-01-23 21:57:00,Winnings,,52.74,638.79,954.76
Fanduel,2022-01-23 21:57:00,Winnings,,12.0,650.79,966.76
Fanduel,2022-01-25 19:27:00,Wager,,-5.0,645.79,961.76
Draftkings,2022-01-25 19:31:00,Wager,,-6.0,309.97,955.76
Draftkings,2022-01-25 19:33:00,Wager,,-4.97,305.0,950.79
Draftkings,2022-01-26 01:03:00,Winnings,,15.34,320.34,966.1299999999999
Fanduel,2022-01-26 11:34:00,Wager,,-5.0,640.79,961.1299999999999
Fanduel,2022-01-26 11:38:00,Wager,,-5.0,635.79,956.1299999999999
Fanduel,2022-01-26 11:43:00,Wager,,-3.0,632.79,953.1299999999999
Fanduel,2022-01-26 11:46:00,Wager,,-2.79,630.0,950.3399999999999
Draftkings,2022-01-26 17:34:00,Wager,,-8.0,312.34,942.3399999999999
Draftkings,2022-01-26 22:10:00,Winnings,,24.35,336.69,966.69
Draftkings,2022-01-27 13:44:00,Wager,,-14.1,322.59,952.5899999999999
Draftkings,2022-01-27 19:04:00,Wager,,-6.0,316.59,946.5899999999999
Fanduel,2022-01-27 19:23:00,Wager,,-10.0,620.0,936.5899999999999
Fanduel,2022-01-27 19:26:00,Wager,,-1.0,619.0,935.5899999999999
Draftkings,2022-01-27 23:04:00,Winnings,,12.72,356.22,975.22
Draftkings,2022-01-27 23:04:00,Winnings,,3.21,359.43,978.4300000000001
Draftkings,2022-01-27 23:04:00,Winnings,,26.91,343.5,962.5
Fanduel,2022-01-28 00:34:00,Winnings,Bonus,10.0,629.0,972.5
Draftkings,2022-01-28 01:00:00,Winnings,,16.17,375.6,1004.6
Fanduel,2022-01-28 18:42:00,Wager,,-25.0,604.0,979.6
Draftkings,2022-01-28 18:45:00,Wager,,-2.6,373.0,977.0
Draftkings,2022-01-28 18:50:00,Wager,,-8.0,365.0,969.0
Fanduel,2022-01-28 20:18:00,Winnings,,120.0,724.0,1089.0
Fanduel,2022-01-29 10:38:00,Winnings,Bonus,25.0,749.0,1114.0
Draftkings,2022-01-29 11:56:00,Wager,,-5.0,360.0,1109.0
Draftkings,2022-01-29 12:00:00,Wager,,-8.0,352.0,1101.0
Fanduel,2022-01-29 12:02:00,Wager,,-3.0,746.0,1098.0
Draftkings,2022-01-29 18:14:00,Winnings,,21.05,373.05,1119.05
Draftkings,2022-01-29 21:17:00,Wager,,-1.0,372.05,1118.05
Draftkings,2022-01-29 21:20:00,Wager,,-1.0,371.05,1117.05
Draftkings,2022-01-30 10:02:00,Wager,,-10.0,361.05,1107.05
Draftkings,2022-01-30 10:10:00,Wager,,-15.0,346.05,1092.05
Draftkings,2022-01-30 14:38:00,Wager,,-10.0,336.05,1082.05
Fanduel,2022-01-30 14:47:00,Wager,,-10.0,736.0,1072.05
Draftkings,2022-01-30 15:19:00,Winnings,,8.0,344.05,1080.05
Draftkings,2022-01-30 17:15:00,Winnings,,15.4,359.45,1095.45
Draftkings,2022-01-30 17:16:00,Winnings,,4.6,364.05,1100.05
Draftkings,2022-01-30 18:19:00,Winnings,,20.8,384.85,1120.85
Draftkings,2022-01-30 18:38:00,Wager,,-17.0,367.85,1103.85
Draftkings,2022-01-30 18:52:00,Winnings,,36.0,403.85,1139.85
Draftkings,2022-01-30 20:35:00,Wager,,-10.0,393.85,1129.85
Draftkings,2022-01-30 20:42:00,Winnings,,21.0,414.85,1150.85
Fanduel,2022-01-30 21:41:00,Winnings,Bonus,10.0,746.0,1160.85
Draftkings,2022-01-30 22:14:00,Winnings,,50.15,465.0,1211.0
Draftkings,2022-01-31 12:31:00,Wager,,-10.0,455.0,1201.0
Fanduel,2022-01-31 20:13:00,Wager,,-6.0,740.0,1195.0
Fanduel,2022-01-31 20:15:00,Wager,,-10.0,730.0,1185.0
Fanduel,2022-01-31 20:20:00,Wager,,-5.0,725.0,1180.0
Fanduel,2022-01-31 20:52:00,Winnings,,10.01,735.01,1190.01
Fanduel,2022-01-31 21:51:00,Winnings,,5.13,740.14,1195.1399999999999
Draftkings,2022-02-01 00:02:00,Winnings,,31.28,486.28,1226.42
Draftkings,2022-02-01 16:37:00,Wager,,-6.28,480.0,1220.1399999999999
Draftkings,2022-02-01 16:48:00,Wager,,-5.0,475.0,1215.1399999999999
Fanduel,2022-02-01 17:58:00,Wager,,-4.0,736.14,1211.1399999999999
Fanduel,2022-02-01 18:01:00,Wager,,-4.0,732.14,1207.1399999999999
Fanduel,2022-02-01 18:08:00,Wager,,-4.0,728.14,1203.1399999999999
Fanduel,2022-02-01 18:16:00,Wager,,-2.0,726.14,1201.1399999999999
Fanduel,2022-02-01 18:17:00,Wager,,-3.0,723.14,1198.1399999999999
Draftkings,2022-02-01 21:33:00,Winnings,,1.38,489.56,1212.7
Draftkings,2022-02-01 21:33:00,Winnings,,13.18,488.18,1211.32
Fanduel,2022-02-01 21:35:00,Winnings,,12.85,735.99,1224.17
Fanduel,2022-02-01 22:33:00,Winnings,Bonus,4.0,739.99,1228.17
Fanduel,2022-02-01 22:51:00,Winnings,,21.97,761.96,1250.14
Fanduel,2022-02-01 23:28:00,Winnings,,22.61,784.57,1272.75
Fanduel,2022-02-01 23:33:00,Winnings,,10.5,795.07,1283.25
Fanduel,2022-02-02 18:01:00,Wager,,-5.0,790.07,1278.25
Fanduel,2022-02-02 18:05:00,Wager,,-4.0,786.07,1274.25
Fanduel,2022-02-02 18:09:00,Wager,,-4.0,782.07,1270.25
Fanduel,2022-02-02 18:13:00,Wager,,-4.0,778.07,1266.25
Fanduel,2022-02-02 18:19:00,Wager,,-4.0,774.07,1262.25
Fanduel,2022-02-02 18:25:00,Wager,,-4.0,770.07,1258.25
Draftkings,2022-02-02 18:56:00,Wager,,-5.0,484.56,1254.63
Draftkings,2022-02-02 18:58:00,Wager,,-1.56,483.0,1253.0700000000002
Draftkings,2022-02-02 20:45:00,Winnings,,20.98,503.98,1274.0500000000002
Draftkings,2022-02-02 21:01:00,Winnings,,3.35,507.33,1277.4
Draftkings,2022-02-02 21:01:00,Winnings,,0.27,507.6,1277.67
Fanduel,2022-02-02 21:20:00,Winnings,,26.38,796.45,1304.0500000000002
Fanduel,2022-02-02 21:33:00,Winnings,,12.0,808.45,1316.0500000000002
Fanduel,2022-02-02 21:50:00,Winnings,Bonus,4.0,812.45,1320.0500000000002
Fanduel,2022-02-02 22:44:00,Wager,,-5.0,807.45,1315.0500000000002
Draftkings,2022-02-02 22:47:00,Wager,,-1.0,506.6,1314.0500000000002
Fanduel,2022-02-02 23:10:00,Winnings,Bonus,4.0,811.45,1318.0500000000002
Fanduel,2022-02-03 00:13:00,Winnings,,6.0,817.45,1324.0500000000002
Fanduel,2022-02-03 15:52:00,Wager,,-10.0,807.45,1314.0500000000002
Fanduel,2022-02-03 15:53:00,Wager,,-8.0,799.45,1306.0500000000002
Fanduel,2022-02-03 18:54:00,Wager,,-20.0,779.45,1286.0500000000002
Draftkings,2022-02-03 20:22:00,Wager,,-4.0,502.6,1282.0500000000002
Fanduel,2022-02-03 21:55:00,Winnings,Bonus,10.0,789.45,1292.0500000000002
Fanduel,2022-02-03 22:05:00,Winnings,Bonus,20.0,809.45,1312.0500000000002
Fanduel,2022-02-03 22:51:00,Winnings,,8.1,817.55,1320.15
Draftkings,2022-02-04 00:57:00,Winnings,,17.7,520.3,1337.85
Fanduel,2022-02-04 12:03:00,Wager,,-10.0,807.55,1327.85
Fanduel,2022-02-04 16:53:00,Winnings,,50.44,857.99,1378.29
Draftkings,2022-02-05 09:31:00,Wager,,-5.0,515.3,1373.29
Draftkings,2022-02-05 09:36:00,Wager,,-6.3,509.0,1366.99
Fanduel,2022-02-05 09:57:00,Wager,,-10.0,847.99,1356.99
Fanduel,2022-02-05 10:00:00,Winnings,,3.0,831.99,1340.99
Fanduel,2022-02-05 10:00:00,Wager,,-16.0,831.99,1340.99
Fanduel,2022-02-05 10:00:00,Wager,,-3.0,828.99,1337.99
Fanduel,2022-02-05 10:02:00,Wager,,-3.0,828.99,1337.99
Fanduel,2022-02-05 10:03:00,Wager,,-2.0,826.99,1335.99
Fanduel,2022-02-05 10:04:00,Winnings,,16.0,844.99,1353.99
Fanduel,2022-02-05 10:04:00,Winnings,,2.0,828.99,1337.99
Fanduel,2022-02-05 10:06:00,Wager,,-12.0,832.99,1341.99
Fanduel,2022-02-05 12:08:00,Winnings,,3.0,835.99,1344.99
Fanduel,2022-02-05 12:10:00,Winnings,,12.0,847.99,1356.99
Fanduel,2022-02-05 12:11:00,Wager,,-8.49,839.5,1348.5
Fanduel,2022-02-05 17:08:00,Winnings,,21.23,860.73,1369.73
Draftkings,2022-02-05 18:04:00,Wager,,-20.0,489.0,1349.73
Fanduel,2022-02-05 23:38:00,Winnings,Bonus,10.0,870.73,1359.73
Fanduel,2022-02-06 17:19:00,Wager,,-2.51,868.22,1357.22
Fanduel,2022-02-06 17:49:00,Winnings,,2.52,870.74,1359.74
Draftkings,2022-02-06 20:24:00,Winnings,,14.0,503.0,1373.74
Draftkings,2022-02-06 20:40:00,Winnings,,6.0,509.0,1379.74
Fanduel,2022-02-06 20:42:00,Wager,,-4.0,866.74,1375.74
Draftkings,2022-02-06 23:40:00,Winnings,,41.0,550.0,1416.74
Fanduel,2022-02-06 23:58:00,Winnings,,10.4,877.14,1427.1399999999999
Draftkings,2022-02-07 19:12:00,Wager,,-5.0,545.0,1422.1399999999999
Fanduel,2022-02-07 19:16:00,Wager,,-5.0,872.14,1417.1399999999999
Caesars,2022-02-08 00:04:00,Deposit,,100.0,100.0,1517.1399999999999
Caesars,2022-02-08 00:08:00,Wager,,-20.0,80.0,1497.1399999999999
Fanduel,2022-02-08 16:29:00,Wager,,-7.0,865.14,1490.1399999999999
Caesars,2022-02-08 16:29:00,Wager,,-6.0,74.0,1484.1399999999999
Fanduel,2022-02-08 17:50:00,Wager,,-4.0,861.14,1480.1399999999999
Fanduel,2022-02-08 17:53:00,Wager,,-4.0,857.14,1476.1399999999999
Fanduel,2022-02-08 17:56:00,Wager,,-4.0,853.14,1472.1399999999999
Fanduel,2022-02-08 18:00:00,Wager,,-4.0,849.14,1468.1399999999999
Fanduel,2022-02-08 18:02:00,Wager,,-2.0,847.14,1466.1399999999999
Draftkings,2022-02-08 18:06:00,Wager,,-5.0,540.0,1461.1399999999999
Draftkings,2022-02-08 18:18:00,Wager,,-5.0,535.0,1456.1399999999999
Fanduel,2022-02-08 19:07:00,Wager,,-2.0,845.14,1454.1399999999999
Fanduel,2022-02-08 19:07:00,Wager,,-1.0,844.14,1453.1399999999999
Draftkings,2022-02-08 21:21:00,Winnings,,12.75,547.75,1465.8899999999999
Draftkings,2022-02-08 21:21:00,Winnings,,1.55,549.3,1467.44
Fanduel,2022-02-08 23:16:00,Winnings,Bonus,4.0,848.14,1471.44
Caesars,2022-02-08 23:20:00,Winnings,,21.0,95.0,1492.44
Caesars,2022-02-09 00:32:00,Winnings,,38.18,133.18,1530.6200000000001
Fanduel,2022-02-09 00:50:00,Winnings,Bonus,4.0,852.14,1534.6200000000001
Draftkings,2022-02-09 00:57:00,Wager,,-6.3,543.0,1528.32
Caesars,2022-02-09 17:42:00,Wager,,-5.0,128.18,1523.32
Fanduel,2022-02-09 17:48:00,Wager,,-4.0,848.14,1519.32
Fanduel,2022-02-09 17:50:00,Wager,,-4.0,844.14,1515.32
Fanduel,2022-02-09 17:51:00,Wager,,-4.0,840.14,1511.32
Fanduel,2022-02-09 17:53:00,Wager,,-4.0,836.14,1507.32
Fanduel,2022-02-09 22:14:00,Winnings,Bonus,4.0,840.14,1511.32
Caesars,2022-02-10 00:54:00,Winnings,,10.5,138.68,1521.82
Caesars,2022-02-10 16:15:00,Wager,,-25.0,113.68,1496.82
Caesars,2022-02-10 16:16:00,Wager,,-25.0,88.68,1471.82
Fanduel,2022-02-10 16:20:00,Wager,,-10.0,830.14,1461.82
Draftkings,2022-02-10 19:14:00,Wager,,-5.0,538.0,1456.82
Draftkings,2022-02-10 19:34:00,Wager,,-5.0,533.0,1451.82
Fanduel,2022-02-11 00:39:00,Winnings,Bonus,10.0,840.14,1461.82
Caesars,2022-02-11 09:18:00,Wager,,-15.0,73.68,1446.82
Draftkings,2022-02-11 15:59:00,Wager,,-5.0,528.0,1441.82
Draftkings,2022-02-11 18:29:00,Wager,,-20.0,508.0,1421.82
Caesars,2022-02-11 21:18:00,Winnings,,28.64,102.32,1450.4599999999998
Caesars,2022-02-12 11:32:00,Wager,,-25.0,102.32,1450.4599999999998
Caesars,2022-02-12 11:32:00,Winnings,Bonus,25.0,102.32,1450.4599999999998
Draftkings,2022-02-12 17:50:00,Wager,,-20.0,488.0,1430.4599999999998
Draftkings,2022-02-12 18:01:00,Wager,,-5.0,483.0,1425.4599999999998
Fanduel,2022-02-12 18:07:00,Wager,,-10.0,830.14,1415.4599999999998
Fanduel,2022-02-12 23:18:00,Winnings,Bonus,10.0,840.14,1425.4599999999998
Draftkings,2022-02-13 11:30:00,Wager,,-4.0,479.0,1421.4599999999998
Fanduel,2022-02-13 12:15:00,Wager,,-12.0,828.14,1409.4599999999998
Caesars,2022-02-13 12:17:00,Winnings,Bonus,50.0,102.32,1409.4599999999998
Caesars,2022-02-13 12:17:00,Wager,,-50.0,102.32,1409.4599999999998
Fanduel,2022-02-13 15:00:00,Winnings,,12.57,840.71,1422.03
Fanduel,2022-02-13 16:03:00,Wager,,-20.0,820.71,1402.03
Draftkings,2022-02-13 16:07:00,Wager,,-10.0,469.0,1392.03
Draftkings,2022-02-13 16:09:00,Wager,,-1.0,468.0,1391.03
Caesars,2022-02-13 16:11:00,Winnings,Bonus,50.0,102.32,1391.03
Caesars,2022-02-13 16:11:00,Wager,,-50.0,102.32,1391.03
Draftkings,2022-02-13 18:41:00,Wager,,-10.0,458.0,1381.03
Draftkings,2022-02-13 18:41:00,Wager,,-10.0,448.0,1371.03
Draftkings,2022-02-13 18:42:00,Wager,,10.0,458.0,1381.03
Caesars,2022-02-13 18:42:00,Winnings,,50.0,152.32,1431.03
Draftkings,2022-02-13 18:56:00,Winnings,,10.0,468.0,1441.03
Draftkings,2022-02-13 19:49:00,Winnings,,31.42,499.42,1472.45
Draftkings,2022-02-13 19:51:00,Winnings,,8.58,508.0,1481.03
Caesars,2022-02-13 22:03:00,Winnings,,45.45,197.77,1526.48
Fanduel,2022-02-13 22:06:00,Winnings,,35.0,855.71,1561.48
Fanduel,2022-02-13 22:23:00,Winnings,Bonus,20.0,875.71,1581.48
Caesars,2022-02-14 18:50:00,Wager,,-15.0,197.77,1581.48
Caesars,2022-02-14 18:50:00,Winnings,Bonus,15.0,197.77,1581.48
Caesars,2022-02-14 18:58:00,Wager,,-14.0,183.77,1567.48
Draftkings,2022-02-14 19:04:00,Wager,,-25.0,483.0,1542.48
Draftkings,2022-02-14 19:12:00,Wager,,-25.0,458.0,1517.48
Draftkings,2022-02-14 19:17:00,Wager,,-10.0,448.0,1507.48
Draftkings,2022-02-14 21:33:00,Wager,,-5.0,438.0,1497.48
Draftkings,2022-02-14 21:33:00,Wager,,-5.0,443.0,1502.48
Draftkings,2022-02-14 21:34:00,Wager,,-5.0,433.0,1492.48
Draftkings,2022-02-14 22:38:00,Winnings,,35.5,468.5,1527.98
Caesars,2022-02-14 22:46:00,Winnings,,57.4,241.17,1585.38
Fanduel,2022-02-15 12:00:00,Wager,,-10.0,865.71,1575.38
Fanduel,2022-02-15 12:22:00,Wager,,-10.0,855.71,1565.38
Fanduel,2022-02-15 16:18:00,Winnings,Bonus,10.0,865.71,1575.38
Draftkings,2022-02-15 18:39:00,Wager,,-10.0,458.5,1565.38
Draftkings,2022-02-15 20:26:00,Wager,,-30.0,428.5,1535.38
Caesars,2022-02-15 20:28:00,Wager,,-25.0,216.17,1510.38
Draftkings,2022-02-15 21:52:00,Winnings,,10.25,438.75,1520.63
Draftkings,2022-02-15 21:53:00,Winnings,,1.31,440.06,1521.94
Draftkings,2022-02-15 23:19:00,Winnings,,70.5,510.56,1592.44
Draftkings,2022-02-15 23:19:00,Winnings,,40.5,551.06,1632.94
Fanduel,2022-02-16 17:00:00,Wager,,-15.0,850.71,1617.94
Fanduel,2022-02-16 17:00:00,Wager,,-5.0,860.71,1627.94
Fanduel,2022-02-16 17:00:00,Winnings,,15.0,865.71,1632.94
Fanduel,2022-02-16 17:00:00,Winnings,,5.0,865.71,1632.94
Draftkings,2022-02-16 17:06:00,Wager,,-6.06,545.0,1626.88
Draftkings,2022-02-16 20:20:00,Wager,,-3.0,542.0,1623.88
Draftkings,2022-02-16 23:29:00,Winnings,,21.21,563.21,1645.0900000000001
Draftkings,2022-02-16 23:29:00,Winnings,,4.99,568.2,1650.0800000000002
Fanduel,2022-02-17 19:06:00,Wager,,-10.0,855.71,1640.0800000000002
Fanduel,2022-02-17 19:07:00,Winnings,,10.0,855.71,1640.0800000000002
Fanduel,2022-02-17 19:07:00,Wager,,-10.0,845.71,1630.0800000000002
Draftkings,2022-02-17 19:12:00,Wager,,-13.2,555.0,1616.88
Caesars,2022-02-17 19:14:00,Winnings,Bonus,14.0,216.17,1616.88
Caesars,2022-02-17 19:14:00,Wager,,-14.0,216.17,1616.88
Draftkings,2022-02-17 19:18:00,Wager,,-5.0,550.0,1611.88
Fanduel,2022-02-17 23:10:00,Winnings,Bonus,10.0,865.71,1631.88
Caesars,2022-02-17 23:36:00,Winnings,,19.6,235.77,1651.48
Caesars,2022-02-18 17:39:00,Wager,,-20.0,215.77,1631.48
Draftkings,2022-02-18 18:05:00,Wager,,-10.0,540.0,1621.48
Draftkings,2022-02-18 18:07:00,Wager,,-5.0,535.0,1616.48
Draftkings,2022-02-18 20:53:00,Wager,,-6.0,529.0,1610.48
Draftkings,2022-02-18 21:52:00,Winnings,,1.72,541.93,1623.4099999999999
Draftkings,2022-02-18 21:52:00,Winnings,,11.21,540.21,1621.69
Caesars,2022-02-18 22:37:00,Winnings,,35.38,251.15,1657.0700000000002
Caesars,2022-02-19 11:25:00,Wager,,-50.0,201.15,1607.0700000000002
Draftkings,2022-02-19 11:32:00,Wager,,-5.0,536.93,1603.79
Caesars,2022-02-19 14:12:00,Winnings,,95.45,296.6,1699.2399999999998
Fanduel,2022-02-19 19:07:00,Wager,,-5.0,860.71,1694.2399999999998
Fanduel,2022-02-19 19:08:00,Wager,,-5.0,860.71,1694.2399999999998
Fanduel,2022-02-19 19:08:00,Winnings,,5.0,865.71,1699.2399999999998
Fanduel,2022-02-19 19:10:00,Wager,,-4.0,856.71,1690.2399999999998
Caesars,2022-02-20 11:01:00,Wager,,-20.0,296.6,1690.2399999999998
Caesars,2022-02-20 11:01:00,Winnings,Bonus,20.0,296.6,1690.2399999999998
Draftkings,2022-02-20 11:05:00,Wager,,-6.93,530.0,1683.31
Draftkings,2022-02-20 13:11:00,Wager,,-7.0,523.0,1676.31
Draftkings,2022-02-20 13:17:00,Wager,,-8.0,515.0,1668.31
Draftkings,2022-02-20 18:18:00,Winnings,,14.0,529.0,1682.31
Draftkings,2022-02-20 18:18:00,Winnings,,3.5,532.5,1685.81
Draftkings,2022-02-20 18:45:00,Winnings,,1.73,549.82,1703.13
Draftkings,2022-02-20 18:45:00,Winnings,,15.59,548.09,1701.4
Draftkings,2022-02-20 19:16:00,Winnings,,10.0,559.82,1713.13
Caesars,2022-02-20 20:42:00,Winnings,,28.0,324.6,1741.13
Draftkings,2022-02-21 20:12:00,Wager,,-5.0,554.82,1736.13
Fanduel,2022-02-22 10:02:00,Wager,,-5.0,851.71,1731.13
Fanduel,2022-02-22 10:03:00,Wager,,-5.0,846.71,1726.13
Fanduel,2022-02-22 10:03:00,Winnings,,5.0,851.71,1731.13
Caesars,2022-02-22 10:10:00,Wager,,-25.0,299.6,1706.13
Draftkings,2022-02-22 16:30:00,Wager,,-9.82,545.0,1696.31
Draftkings,2022-02-22 18:56:00,Wager,,-5.0,540.0,1691.31
Draftkings,2022-02-22 20:56:00,Winnings,,19.64,559.64,1710.9499999999998
Draftkings,2022-02-22 20:57:00,Winnings,,2.16,561.8,1713.1100000000001
Caesars,2022-02-22 20:58:00,Winnings,,47.73,347.33,1760.84
Draftkings,2022-02-22 21:06:00,Winnings,,10.5,572.3,1771.34
Draftkings,2022-02-22 21:06:00,Winnings,,1.21,573.51,1772.55
Fanduel,2022-02-23 09:30:00,Wager,,-3.0,848.71,1769.55
Fanduel,2022-02-23 09:31:00,Wager,,-3.0,845.71,1766.55
Caesars,2022-02-23 18:40:00,Winnings,Bonus,24.0,347.33,1766.55
Caesars,2022-02-23 18:40:00,Wager,,-24.0,347.33,1766.55
Fanduel,2022-02-23 20:50:00,Winnings,,3.3,849.01,1769.85
Caesars,2022-02-23 23:20:00,Winnings,,27.65,374.98,1797.5
Fanduel,2022-02-24 16:18:00,Wager,,-3.0,846.01,1794.5
Fanduel,2022-02-24 16:19:00,Wager,,-3.0,843.01,1791.5
Caesars,2022-02-24 18:37:00,Wager,,-13.0,361.98,1778.5
Caesars,2022-02-24 18:42:00,Wager,,-10.0,351.98,1768.5
Draftkings,2022-02-24 19:11:00,Wager,,-15.0,558.51,1753.5
Fanduel,2022-02-24 20:04:00,Wager,,-1.0,842.01,1752.5
Fanduel,2022-02-24 20:22:00,Winnings,,7.5,849.51,1760.0
Caesars,2022-02-24 21:31:00,Winnings,,10.0,361.98,1770.0
Fanduel,2022-02-24 22:06:00,Winnings,,10.5,860.01,1780.5
Caesars,2022-02-24 22:36:00,Winnings,,31.2,393.18,1811.7
Draftkings,2022-02-24 22:58:00,Winnings,,38.25,596.76,1849.95
Draftkings,2022-02-24 22:58:00,Winnings,,23.25,620.01,1873.2
Fanduel,2022-02-25 16:17:00,Winnings,Bonus,5.0,865.01,1878.2
Caesars,2022-02-25 16:48:00,Winnings,Bonus,50.0,393.18,1878.2
Caesars,2022-02-25 16:48:00,Wager,,-50.0,393.18,1878.2
Fanduel,2022-02-25 16:55:00,Wager,,-2.0,863.01,1876.2
Draftkings,2022-02-25 22:15:00,Winnings,,6.0,626.01,1882.2
Caesars,2022-02-25 22:15:00,Winnings,,45.45,438.63,1927.65
Fanduel,2022-02-25 23:22:00,Winnings,,7.0,870.01,1934.65
Draftkings,2022-02-26 08:51:00,Wager,,-20.0,606.01,1914.65
Draftkings,2022-02-26 08:55:00,Wager,,-5.0,601.01,1909.65
Caesars,2022-02-26 09:37:00,Wager,,-25.0,413.63,1884.65
Caesars,2022-02-26 09:39:00,Wager,,-25.0,388.63,1859.65
Caesars,2022-02-26 09:40:00,Wager,,-13.0,375.63,1846.65
Caesars,2022-02-26 23:24:00,Winnings,,47.73,423.36,1894.38
Fanduel,2022-02-28 17:24:00,Wager,,-10.0,860.01,1884.38
Draftkings,2022-02-28 19:49:00,Wager,,-6.01,595.0,1878.37
Draftkings,2022-02-28 19:57:00,Wager,,-5.0,590.0,1873.37
Caesars,2022-02-28 20:09:00,Wager,,-28.0,423.36,1873.37
Caesars,2022-02-28 20:09:00,Winnings,Bonus,28.0,423.36,1873.37
Draftkings,2022-02-28 22:44:00,Winnings,,32.0,622.0,1905.37
Fanduel,2022-02-28 23:22:00,Winnings,,18.7,878.71,1924.0700000000002
Draftkings,2022-03-01 01:05:00,Winnings,,32.02,654.02,1956.0900000000001
Caesars,2022-03-01 16:52:00,Wager,,-25.0,423.36,1956.0900000000001
Caesars,2022-03-01 16:52:00,Winnings,Bonus,25.0,423.36,1956.0900000000001
Draftkings,2022-03-01 17:17:00,Wager,,-12.0,642.02,1944.0900000000001
Fanduel,2022-03-01 18:58:00,Wager,,-18.7,860.01,1925.3899999999999
Draftkings,2022-03-01 19:09:00,Wager,,-7.02,635.0,1918.37
Fanduel,2022-03-01 22:05:00,Wager,,-0.1,859.91,1918.27
Fanduel,2022-03-01 22:07:00,Wager,,-0.1,859.81,1918.17
Fanduel,2022-03-01 22:26:00,Wager,,-0.81,859.0,1917.3600000000001
Fanduel,2022-03-01 22:46:00,Winnings,,35.1,894.1,1952.46
Caesars,2022-03-02 16:57:00,Wager,,-5.0,423.36,1952.46
Caesars,2022-03-02 16:57:00,Winnings,Bonus,5.0,423.36,1952.46
Caesars,2022-03-02 16:59:00,Wager,,-3.0,420.36,1949.46
Draftkings,2022-03-02 17:07:00,Wager,,-13.0,622.0,1936.46
Caesars,2022-03-02 17:43:00,Winnings,Bonus,50.0,420.36,1936.46
Caesars,2022-03-02 17:43:00,Wager,,-50.0,420.36,1936.46
Fanduel,2022-03-02 17:48:00,Wager,,-35.1,859.0,1901.3600000000001
Caesars,2022-03-02 22:08:00,Winnings,,45.45,465.81,1946.81
Draftkings,2022-03-02 22:55:00,Winnings,,13.32,674.97,1999.78
Draftkings,2022-03-02 22:55:00,Winnings,,39.65,661.65,1986.46
Fanduel,2022-03-03 18:06:00,Wager,,-25.0,834.0,1961.46
Draftkings,2022-03-03 18:14:00,Wager,,-12.0,662.97,1962.78
Draftkings,2022-03-03 23:03:00,Winnings,,31.42,694.39,1994.1999999999998
Draftkings,2022-03-03 23:03:00,Winnings,,9.72,704.11,2003.92
Fanduel,2022-03-04 12:08:00,Winnings,Bonus,25.0,859.0,2028.92
Caesars,2022-03-04 16:40:00,Wager,,-8.0,457.81,2020.92
Fanduel,2022-03-04 17:26:00,Winnings,Bonus,-5.0,854.0,2015.92
Draftkings,2022-03-04 18:59:00,Wager,,-15.0,689.11,2000.92
Draftkings,2022-03-04 22:47:00,Winnings,,14.25,746.86,2058.67
Draftkings,2022-03-04 22:47:00,Winnings,,43.5,732.61,2044.42
Caesars,2022-03-04 23:39:00,Winnings,,17.2,475.01,2061.62
Fanduel,2022-03-05 10:44:00,Wager,,-25.0,829.0,2036.6200000000001
Fanduel,2022-03-05 10:48:00,Wager,,-4.0,820.0,2027.6200000000001
Fanduel,2022-03-05 10:48:00,Wager,,-5.0,824.0,2031.6200000000001
Fanduel,2022-03-05 10:51:00,Wager,,-4.0,816.0,2023.6200000000001
Draftkings,2022-03-05 11:15:00,Wager,,-16.86,730.0,2021.01
Caesars,2022-03-05 11:17:00,Wager,,-12.0,463.01,2009.01
Draftkings,2022-03-05 16:09:00,Winnings,,32.91,762.91,2041.9199999999998
Draftkings,2022-03-05 16:10:00,Winnings,,8.03,770.94,2049.95
Draftkings,2022-03-05 17:32:00,Wager,,-10.0,760.94,2039.95
Draftkings,2022-03-05 17:36:00,Wager,,-4.0,756.94,2035.95
Draftkings,2022-03-05 17:37:00,Wager,,-3.94,753.0,2032.01
Caesars,2022-03-05 18:10:00,Wager,,-3.01,460.0,2029.0
Fanduel,2022-03-05 18:36:00,Wager,,-3.0,813.0,2026.0
Fanduel,2022-03-05 23:09:00,Winnings,,7.5,820.5,2033.5
Fanduel,2022-03-06 00:15:00,Winnings,,26.38,846.88,2059.88
Fanduel,2022-03-06 01:07:00,Winnings,Bonus,4.0,850.88,2063.88
Draftkings,2022-03-06 10:19:00,Wager,,-5.0,748.0,2058.88
Fanduel,2022-03-06 12:24:00,Winnings,Bonus,16.0,866.88,2074.88
Fanduel,2022-03-06 14:05:00,Wager,,-10.0,856.88,2064.88
Fanduel,2022-03-06 18:07:00,Winnings,Bonus,10.0,866.88,2074.88
Draftkings,2022-03-06 18:32:00,Winnings,,7.0,755.0,2081.88
Fanduel,2022-03-07 09:09:00,Winnings,,7.0,866.88,2081.88
Fanduel,2022-03-07 09:09:00,Wager,,-7.0,859.88,2074.88
Fanduel,2022-03-07 09:09:00,Wager,,-10.0,856.88,2071.88
Fanduel,2022-03-07 09:10:00,Winnings,,10.0,866.88,2081.88
Draftkings,2022-03-07 18:06:00,Wager,,-9.0,746.0,2072.88
Fanduel,2022-03-07 18:45:00,Wager,,-10.0,856.88,2062.88
Fanduel,2022-03-08 11:27:00,Wager,,-10.0,846.88,2052.88
Caesars,2022-03-08 16:26:00,Wager,,-50.0,410.0,2002.88
Draftkings,2022-03-08 16:31:00,Wager,,-8.0,738.0,1994.88
Caesars,2022-03-08 16:37:00,Wager,,-50.0,410.0,1994.88
Caesars,2022-03-08 16:37:00,Winnings,Bonus,50.0,410.0,1994.88
Draftkings,2022-03-08 16:38:00,Wager,,-10.0,728.0,1984.88
Fanduel,2022-03-08 16:58:00,Winnings,Bonus,10.0,856.88,1994.88
Caesars,2022-03-08 21:40:00,Winnings,,91.67,501.67,2086.55
Caesars,2022-03-08 23:13:00,Winnings,,45.45,547.12,2132.0
Caesars,2022-03-09 15:46:00,Winnings,Bonus,5.0,547.12,2132.0
Caesars,2022-03-09 15:46:00,Wager,,-5.0,547.12,2132.0
Caesars,2022-03-09 18:48:00,Wager,,-50.0,547.12,2132.0
Caesars,2022-03-09 18:48:00,Winnings,Bonus,50.0,547.12,2132.0
Draftkings,2022-03-09 18:58:00,Wager,,-8.0,720.0,2124.0
Draftkings,2022-03-09 19:03:00,Wager,,-6.0,714.0,2118.0
Caesars,2022-03-09 21:02:00,Winnings,,45.45,592.57,2163.4500000000003
Caesars,2022-03-09 22:18:00,Winnings,,8.67,601.24,2172.12
Draftkings,2022-03-09 22:36:00,Winnings,,14.4,728.4,2186.52
Draftkings,2022-03-09 22:37:00,Winnings,,2.1,730.5,2188.62
Fanduel,2022-03-09 23:43:00,Wager,,-0.88,856.0,2187.74
Fanduel,2022-03-10 00:26:00,Winnings,,1.6,857.6,2189.34
Fanduel,2022-03-10 09:07:00,Wager,,-8.0,849.6,2181.34
Draftkings,2022-03-10 17:59:00,Wager,,-10.0,720.5,2171.34
Draftkings,2022-03-10 18:05:00,Wager,,-10.5,710.0,2160.84
Fanduel,2022-03-10 18:30:00,Wager,,-10.0,839.6,2150.84
Caesars,2022-03-10 20:56:00,Wager,,-50.0,551.24,2100.84
Draftkings,2022-03-10 20:57:00,Wager,,-20.0,690.0,2080.84
Fanduel,2022-03-10 22:08:00,Winnings,Bonus,10.0,849.6,2090.84
Draftkings,2022-03-10 23:41:00,Wager,,-10.0,680.0,2080.84
Fanduel,2022-03-11 16:29:00,Wager,,-6.0,843.6,2074.84
Fanduel,2022-03-11 16:32:00,Wager,,-5.0,838.6,2069.84
Caesars,2022-03-11 16:33:00,Wager,,-25.0,551.24,2069.84
Caesars,2022-03-11 16:33:00,Winnings,Bonus,25.0,551.24,2069.84
Draftkings,2022-03-11 16:41:00,Wager,,-12.0,668.0,2057.84
Draftkings,2022-03-11 16:45:00,Wager,,-7.0,661.0,2050.84
Draftkings,2022-03-11 19:12:00,Wager,,1.0,661.0,2050.84
Draftkings,2022-03-11 19:12:00,Wager,,-1.0,660.0,2049.84
Draftkings,2022-03-11 19:44:00,Wager,,-1.0,660.0,2049.84
Draftkings,2022-03-11 19:47:00,Winnings,,1.95,661.95,2051.79
Draftkings,2022-03-11 23:08:00,Winnings,,20.3,682.25,2072.09
Draftkings,2022-03-11 23:08:00,Winnings,,6.65,688.9,2078.74
Draftkings,2022-03-11 23:26:00,Winnings,,11.7,736.0,2125.84
Draftkings,2022-03-11 23:26:00,Winnings,,35.4,724.3,2114.1400000000003
Draftkings,2022-03-12 00:02:00,Wager,,-1.0,735.0,2124.84
Caesars,2022-03-12 12:30:00,Wager,,-3.0,548.24,2121.84
Fanduel,2022-03-12 15:18:00,Wager,,-5.0,833.6,2116.84
Fanduel,2022-03-12 15:20:00,Wager,,-4.0,829.6,2112.84
Fanduel,2022-03-12 15:22:00,Wager,,-5.0,824.6,2107.84
Fanduel,2022-03-12 15:24:00,Wager,,-3.0,821.6,2104.84
Draftkings,2022-03-12 17:24:00,Wager,,-7.0,728.0,2097.84
Fanduel,2022-03-12 17:49:00,Winnings,Bonus,10.0,831.6,2107.84
Fanduel,2022-03-12 19:51:00,Winnings,,27.48,859.08,2135.3199999999997
Caesars,2022-03-12 22:17:00,Wager,,-300.0,548.24,2135.3199999999997
Caesars,2022-03-12 22:17:00,Winnings,Bonus,300.0,548.24,2135.3199999999997
Fanduel,2022-03-13 00:32:00,Wager,,-10.0,849.08,2125.3199999999997
Fanduel,2022-03-13 00:32:00,Winnings,,10.0,859.08,2135.3199999999997
Fanduel,2022-03-13 00:33:00,Wager,,-10.0,849.08,2125.3199999999997
Fanduel,2022-03-13 00:33:00,Winnings,,10.0,859.08,2135.3199999999997
Fanduel,2022-03-13 00:33:00,Winnings,,8.0,859.08,2135.3199999999997
Fanduel,2022-03-13 00:33:00,Wager,,-8.0,851.08,2127.3199999999997
Fanduel,2022-03-13 00:34:00,Wager,,-10.0,849.08,2125.3199999999997
Fanduel,2022-03-13 00:34:00,Winnings,,10.0,859.08,2135.3199999999997
Caesars,2022-03-13 12:03:00,Wager,,-20.0,528.24,2115.3199999999997
Fanduel,2022-03-13 12:57:00,Wager,,-10.0,849.08,2105.3199999999997
Draftkings,2022-03-13 13:03:00,Wager,,-4.0,724.0,2101.3199999999997
Caesars,2022-03-13 13:24:00,Wager,,-50.0,528.24,2101.3199999999997
Caesars,2022-03-13 13:24:00,Winnings,Bonus,50.0,528.24,2101.3199999999997
Caesars,2022-03-13 13:50:00,Winnings,,100.0,628.24,2201.3199999999997
Caesars,2022-03-13 14:31:00,Wager,,-100.0,528.24,2101.3199999999997
Caesars,2022-03-13 17:37:00,Winnings,,190.91,719.15,2292.23
Draftkings,2022-03-13 17:41:00,Wager,,-7.0,717.0,2285.23
Fanduel,2022-03-13 18:02:00,Winnings,Bonus,10.0,859.08,2295.23
Caesars,2022-03-13 23:26:00,Winnings,,55.11,774.26,2350.34
Fanduel,2022-03-17 19:13:00,Wager,,-4.0,855.08,2346.34
Fanduel,2022-03-17 19:21:00,Wager,,-7.0,848.08,2339.34
Fanduel,2022-03-17 19:24:00,Wager,,-3.0,845.08,2336.34
Fanduel,2022-03-17 19:27:00,Wager,,-5.0,840.08,2331.34
Fanduel,2022-03-17 19:29:00,Wager,,-4.0,836.08,2327.34
Draftkings,2022-03-17 20:12:00,Wager,,-11.0,706.0,2316.34
Caesars,2022-03-17 20:28:00,Wager,,-100.0,774.26,2316.34
Caesars,2022-03-17 20:28:00,Winnings,Bonus,100.0,774.26,2316.34
Caesars,2022-03-17 20:37:00,Wager,,-100.0,674.26,2216.34
Fanduel,2022-03-17 22:32:00,Winnings,,36.55,872.63,2252.8900000000003
Fanduel,2022-03-18 00:45:00,Winnings,Bonus,3.0,875.63,2255.8900000000003
Fanduel,2022-03-18 00:50:00,Winnings,,25.16,900.79,2281.05
Fanduel,2022-03-18 12:43:00,Wager,,-6.0,894.79,2275.05
Fanduel,2022-03-18 12:46:00,Wager,,-6.0,888.79,2269.05
Fanduel,2022-03-18 12:48:00,Wager,,-1.0,887.79,2268.05
Fanduel,2022-03-18 12:50:00,Wager,,-6.0,881.79,2262.05
Caesars,2022-03-18 14:27:00,Winnings,,190.91,865.17,2452.96
Fanduel,2022-03-18 15:01:00,Wager,,-17.12,864.67,2435.84
Fanduel,2022-03-18 16:06:00,Winnings,,17.14,881.81,2452.98
Fanduel,2022-03-18 17:23:00,Wager,,-5.0,876.81,2447.98
Fanduel,2022-03-18 17:31:00,Wager,,-6.0,870.81,2441.98
Fanduel,2022-03-18 17:45:00,Wager,,-3.81,867.0,2438.17
Draftkings,2022-03-18 17:52:00,Wager,,-6.0,700.0,2432.17
Fanduel,2022-03-18 18:29:00,Winnings,,31.4,898.4,2463.57
Fanduel,2022-03-18 21:28:00,Winnings,Bonus,6.0,904.4,2469.57
Fanduel,2022-03-18 21:42:00,Wager,,-6.0,898.4,2463.57
Draftkings,2022-03-18 21:47:00,Wager,,-2.0,698.0,2461.57
Fanduel,2022-03-18 22:09:00,Winnings,,9.53,907.93,2471.1
Fanduel,2022-03-19 00:47:00,Winnings,Bonus,6.0,913.93,2477.1
Fanduel,2022-03-19 08:12:00,Wager,,-8.0,905.93,2469.1
Fanduel,2022-03-19 08:14:00,Wager,,-8.0,897.93,2461.1
Fanduel,2022-03-19 08:21:00,Wager,,-8.0,889.93,2453.1
Draftkings,2022-03-19 08:24:00,Wager,,-7.0,691.0,2446.1
Draftkings,2022-03-19 08:26:00,Wager,,-7.0,684.0,2439.1
Fanduel,2022-03-19 12:38:00,Wager,,-6.0,883.93,2433.1
Fanduel,2022-03-19 12:57:00,Winnings,,6.43,890.36,2439.53
Fanduel,2022-03-19 19:56:00,Winnings,Bonus,8.0,898.36,2447.53
Fanduel,2022-03-19 22:53:00,Winnings,,42.08,940.44,2489.61
Fanduel,2022-03-19 22:57:00,Wager,,-4.0,936.44,2485.61
Fanduel,2022-03-20 11:53:00,Wager,,-8.0,928.44,2477.61
Fanduel,2022-03-20 11:56:00,Wager,,-8.0,920.44,2469.61
Fanduel,2022-03-20 12:00:00,Wager,,-8.0,912.44,2461.61
Draftkings,2022-03-20 12:53:00,Wager,,-10.0,674.0,2451.61
Fanduel,2022-03-20 13:27:00,Wager,,-8.0,904.44,2443.61
Fanduel,2022-03-20 13:28:00,Wager,,-1.0,903.44,2442.61
Draftkings,2022-03-20 19:46:00,Wager,,-20.0,654.0,2422.61
Draftkings,2022-03-20 21:21:00,Winnings,,20.0,674.0,2442.61
Draftkings,2022-03-20 21:22:00,Winnings,,3.2,677.2,2445.81
Fanduel,2022-03-20 23:32:00,Winnings,,41.82,945.26,2487.63
Fanduel,2022-03-20 23:37:00,Winnings,Bonus,8.0,953.26,2495.63
Fanduel,2022-03-21 00:01:00,Winnings,Bonus,8.0,961.26,2503.63
Fanduel,2022-03-21 00:42:00,Winnings,,51.85,1013.11,2555.48
Draftkings,2022-03-21 21:01:00,Wager,,-3.0,669.2,2547.48
Draftkings,2022-03-21 21:01:00,Wager,,-5.0,672.2,2550.48
Draftkings,2022-03-22 02:11:00,Winnings,,0.68,675.6,2553.88
Draftkings,2022-03-22 02:11:00,Winnings,,5.72,674.92,2553.2
Caesars,2022-03-22 23:37:00,Wager,,-50.0,815.17,2503.2
